Id;Nom;Marque;Modele;Alimentation;Annee;Cylindree;Puissance;Moteur;Boite;LP;Quantite;PrixTotalTTC;Emplacement;Garantie;Etat;Description;Date creation;Date inventaire;Ref constr;Prix constr TTC;Date inventaire
79194162;Moteur;OPEL;AGILA B;Essence;2009;996;65;K10B;MF60B/MF70C;96015;1;190;Stock : MAG R2/A9/E0;12;Bon;Numero moteur : 11200M68K10 CODE MOTEUR:  K10B  ENJ / ESSENCE  61557 Km  MOTEUR GARANTIE 3 MOIS;16/12/2023;05/05/2025;11200M68K10;0;05/05/2025
84617856;Moteur;SKODA;FABIA 2 PHASE 1 BREAK;Diesel;2008;1896;105;1.9L  BSW;JXY;93582;1;659;Stock : MAG R2/A7/E0;12;Bon;Numero moteur : 38100044X  CODE MOTEUR BSW MOTEUR GARANTIE 3 MOIS;14/03/2024;02/05/2025;38100044X;0;02/05/2025
88632964;Moteur;RENAULT;CLIO 3 PHASE 2;Essence;2012;1149;103;D4F 786;JH3312;97624;1;399;Stock : MAG R3/A12/E0;12;Bon;CODE MOTEUR / 8201437315  INJECTION / ESSENCE  99 564 Km MOTEUR GARANTIE 3 MOIS  D4F786  CARTER INF. TOLE;06/06/2024;06/05/2025;8201437315;0;06/05/2025
91225777;Moteur;CITROEN;C1 2;Essence;2014;998;69;1KR_CFB;C553;97358;1;599;Stock : MAG R2/A17/E0;12;Bon;Code moteur : CFB_1KR   Injection: Essence  Km: 40000 MOTEUR GARANTIE 3 MOIS  1631737580;07/08/2024;05/05/2025;1631737580;0;05/05/2025
91337898;Moteur;VOLKSWAGEN;POLO 5 PHASE 2;Essence;2016;999;60;CHYA;QAC;97869;1;499;Stock : MAG R2/A2/E0;12;Bon;Code moteur : 04C100098C  Injection: Essence  KM: 149887 km  MOTEUR GARANTIE 3 MOIS  CHYA;08/08/2024;29/04/2025;04C100098C;0;29/04/2025
98149343;Moteur;VOLKSWAGEN;POLO 5 PHASE 2;Essence;2015;999;75;1.0L  CHYB;QAD 0CF300044D;98754;1;646;Stock : MAG R2/A1/E0;12;Bon;-CODE MOTEUR  : CHYB    - Numero moteur : 04C100098B  -KILOMETRAGE  62981Km      ;18/12/2024;10/08/2026;04C100098B;0;10/08/2026
100314952;Moteur;SMART;FORTWO 2 CABRIOLET;Electricité;2015;7;75;EM0003;;97544;1;799;Stock : MAG R3/A14/E0;6;Bon;- CODE MOTEUR  : EM0003  - Numero moteur : A451982721  A4513401700  - KILOMETRAGE 65 406 Km      - MOTEUR GARANTIE 6 MOIS  HORS FRAIS DE MONTAGE ET FRAIS DE PORT,   - GARANTIE APPLIQUE UNIQUEMENT SUR LE MOTEUR  - TOUTES PIECES LAISSER SUR LE MOTEUR EST FOURNIS A TITRE GR;30/01/2025;07/05/2025;A4513401700;0;07/05/2025
104143494;Moteur;RENAULT;CAPTUR 2;Essence/Hybride;2023;1598;145;H4M_632;DB1;99143;1;1999;Stock : MAG R2/A4/E0;12;Bon;- CODE MOTEUR  : H4M_632  - Numero moteur : 8201730059  - KILOMETRAGE 20000Km      - MOTEUR GARANTIE 12 MOIS  HORS FRAIS DE MONTAGE ET FRAIS DE PORT,   - VOITURE DONNEUSE :RENAULT CAPTURE 2 1.6   - VIN : VF1RJB00270803093  ;03/04/2025;03/09/2026;8201730059;0;03/09/2026
104226183;Moteur;CITROEN;C5 2;Diesel;2008;2179;170;DW12BTED4_4HT;ML6;96365;1;799;Stock : MAG R2/A12/E0;12;Bon;RÉFÉRENCE CONSTRUCTEUR : 135PR  CODE MOTEUR: DW12BTED4_4HT   MOTEUR KILOMÉTRAGE: 181304  INJECTION: BOSCH    VOIR PHOTOS     -GARANTIE APPLIQUE UNIQUEMENT SUR LE MOTEUR    -MOTEUR VENDUE SANS ALTERNATEUR, SANS DEMARREUR, SANS COMPRESSEUR DE CLIM ET SANS BOITE  - TOUTES PIECES LAISSER AVEC LE MOTEUR EST FOURNIS A TITRE GRACIEUX ET NE RENTRE PAS DANS LA GARANTIE    MOTEUR GARANTIE 12 MOIS HORS FRAIS DE MONTAGE;04/04/2025;05/05/2025;135PR;0;05/05/2025
104536395;Moteur;VOLKSWAGEN;GOLF 7 PHASE 2;Electricité;2020;0;136;EBSA;RYG;98822;1;1799;Stock : MAG R3/A11/E0;6;Bon;- CODE MOTEUR  : EBSA  - Numero moteur : 0EA010010   - KILOMETRAGE 65000 KM  - MOTEUR GARANTIE 6 MOIS  HORS FRAIS DE MONTAGE ET FRAIS DE PORT,   - VOITURE DONNEUSE :VOLKSWAGEN GOLF 7 E-GOLF ELECTRIQUE   - VIN : WVWZZZAUZLW920496  .;10/04/2025;;0EA010010;0;
104693313;Moteur;TOYOTA;YARIS 3 PHASE 2;Essence/Hybride;2016;1497;101;1NZFXE;CVFC 3090052010;100102;1;999;Stock : MAG R3/A12/E0;12;Bon;- CODE MOTEUR  :1NZFXE  - Numero moteur :1900021D01   - KILOMETRAGE 46249 Km   - MOTEUR GARANTIE 12MOIS  HORS FRAIS DE MONTAGE ET FRAIS DE PORT,   - GARANTIE APPLIQUE UNIQUEMENT SUR LE MOTEUR  - MOTEUR VENDUE SANS ALTERNATEUR, SANS DEMARREUR, SANS COMPRESSEUR DE CLIM ET SANS BOITE  - TOUTES PIECES LAISSER SUR LE MOTEUR EST FOURNIS A TITRE GR;14/04/2025;07/05/2025;1900021D01;0;07/05/2025
104819488;Moteur;RENAULT;ZOE 1;Electricité;2017;0;90;5AQ_601;ELECTRIQUE;85621;1;1299;Stock : MAG R3/A14/E0;3;Bon;- CODE MOTEUR  : 5AQ_601  - KILOMETRAGE 27 919 Km      - MOTEUR GARANTIE 6  MOIS  HORS FRAIS DE MONTAGE ET FRAIS DE PORT,   - GARANTIE APPLIQUE UNIQUEMENT SUR LE MOTEUR  - TOUTES PIECES LAISSER SUR LE MOTEUR EST FOURNIS A TITRE GR;15/04/2025;07/05/2025;290106283R;0;07/05/2025
105096983;Moteur;MAZDA;3 3 PHASE 2;Essence;2019;1998;120;PEY7;;100272;1;1699;Stock : MAG R2/A6/E0;12;Bon;- CODE MOTEUR  : PEY7  - Numero moteur :  PEYD02300A  - KILOMETRAGE  22293KM  - MOTEUR GARANTIE 12 MOIS  HORS FRAIS DE MONTAGE ET FRAIS DE PORT,   - VOITURE DONNEUSE : MAZDA 3 3 PHASE 2  - VIN : 3MZBN64680M356278  - GARANTIE APPLIQUE UNIQUEMENT SUR LE MOTEUR  - MOTEUR VENDUE SANS ALTERNATEUR, SANS DEMARREUR, SANS COMPRESSEUR DE CLIM ET SANS BOITE  - TOUTES PIECES LAISSER SUR LE MOTEUR EST FOURNIS A TITRE GRACIEUX ET NE FONT PARTIES DE LA GARANTIE  - LA GARANTIE PRENDRA EFFET SOUS PRESENTATION DE FACTURE DES PIECES QUI DOIVENT ETRE SYSTEMATIQUEMENT REMPLACES      PAR D'AUTRES NEUF: VIDANGE COMPLET, BOUGIES D'ALLUMAGE OU DE PRECHAUFFAGE, KIT DE DISTRIBUTION, KIT ACCESSOIRES,LIQUIDE DE REFROIDISSEMENT;19/04/2025;;PEYD02300;0;
105097224;Moteur;FORD;KA+;Essence;2018;1198;71;B2KA;DG1BR7002BSA;100199;1;1299;Stock : MAG R2/A11/E0;12;Bon;Litrage1.2 LEnergieEssence  Code moteur : B2KA  Puissance moteur51 KW, 70 CH  Cylindree en CC1198 cc  Code VIN MAJUXXMTKUHK85228  49228 Km;19/04/2025;;1898714;0;
105292339;Moteur;DACIA;DUSTER 3;Essence/Hybride;;1199;131;H5FA600;TL4395;101228;1;2999;Stock : MAG R3/A11/E0;12;Bon;- CODE MOTEUR  : H5FA600  - Numero moteur : 100018520R  - KILOMETRAGE 450Km      ETAT NEUF  MOTEUR GARANTIE 12 MOIS   8201745630, 8201753537, 8201741454;24/04/2025;06/05/2026;H5FA600;0;06/05/2026
105596905;Moteur;CITROEN;C4 PICASSO 1;Diesel;2008;1997;136;DW10BTED4_RHJ;MCD;100543;1;749;Stock : MAG R2/A12/E0;12;Bon;Litrage2 L  Energie Diesel  Code moteur RHJ_DW10BTED4  Puissance moteur 100 KW, 136 CH  Cylindree en CC 1997 cc  Code VIN VF7UDRHJH45316262  Reference: 0135QA;03/05/2025;;0135QA;0;
105597896;Moteur;AUDI;A3 2 PHASE 1;Essence;2004;1984;150;BLX;GJZ/BJZ;100911;1;699;Stock : MAG R2/A8/E0;6;Bon;- CODE MOTEUR  : BLX  - Numero moteur : 06F100032M  - KILOMETRAGE 202 263Km      - MOTEUR GARANTIE 6 MOIS  HORS FRAIS DE MONTAGE ET FRAIS DE PORT,   - VIN : WAUZZZ8P35A024410  - MOTEUR TESTER AVANT DEMONTAGE  - GARANTIE APPLIQUE UNIQUEMENT SUR LE MOTEUR  - MOTEUR VENDUE SANS ALTERNATEUR, SANS DEMARREUR, SANS COMPRESSEUR DE CLIM ET SANS BOITE  - TOUTES PIECES LAISSER SUR LE MOTEUR EST FOURNIS A TITRE GR;03/05/2025;;06F100032M;0;
105597934;Moteur;MINI;MINI 1 R50/R53 PHASE 1;Diesel;2005;1364;90;1ND;;100921;1;799;Stock : MAG R2/A16/E0;6;Bon;- CODE MOTEUR  : 1ND  - Numero moteur : 11007799375  - KILOMETRAGE 249297 Km      - MOTEUR GARANTIE 6 MOIS  HORS FRAIS DE MONTAGE ET FRAIS DE PORT,   - VIN : WMWRB11080TK46537  - GARANTIE APPLIQUE UNIQUEMENT SUR LE MOTEUR  - MOTEUR VENDUE SANS ALTERNATEUR, SANS DEMARREUR, SANS COMPRESSEUR DE CLIM ET SANS BOITE  ;03/05/2025;;11007799375;0;
106985961;Moteur;FORD;FIESTA 6 PHASE 1;Essence;2008;1242;82;SNJA;IB5;100925;1;590;Stock : MAG R2/A11/E0;12;Bon;- CODE MOTEUR  : SNJA  - Numero moteur : 8A6G6007  - KILOMETRAGE 115 000 Km      - MOTEUR GARANTIE 12MOIS  HORS FRAIS DE MONTAGE ET FRAIS DE PORT,   - VIN : WF0GXXGAJG8S57706  - MOTEUR TOUJOURS MONTER SUR LE VEHICULE (DELAI 72H POUR DEMONTAGE)  - MOTEUR TESTER AVANT DEMONTAGE  - GARANTIE APPLIQUE UNIQUEMENT SUR LE MOTEUR  - MOTEUR VENDUE SANS ALTERNATEUR, SANS DEMARREUR, SANS COMPRESSEUR DE CLIM ET SANS BOITE  - TOUTES PIECES LAISSER SUR LE MOTEUR EST FOURNIS A TITRE GR;04/06/2025;;1713369;0;
107041947;Moteur;CITROEN;C4 GRAND PICASSO 1;Diesel;2007;1997;136;DW10BTED4_RHJ;MCD;91209;1;600;Stock : MAG R2/A7/E0;12;Bon;- CODE MOTEUR  : DW10BTED4_RHJ  - Numero moteur : 0135QA  - KILOMETRAGE 278035 Km      - MOTEUR GARANTIE 12 MOIS  HORS FRAIS DE MONTAGE ET FRAIS DE PORT, - VIN : VF7UARHJH45177450  - GARANTIE APPLIQUE UNIQUEMENT SUR LE MOTEUR  - MOTEUR VENDUE SANS ALTERNATEUR, SANS DEMARREUR, SANS COMPRESSEUR DE CLIM ET SANS BOITE  - TOUTES PIECES LAISSER SUR LE MOTEUR EST FOURNIS A TITRE GR;05/06/2025;;0135QA;0;
107232535;Moteur;RENAULT;MEGANE 3 PHASE 1;Diesel;2009;1461;106;K9K_832;TL4;99733;1;820;Stock : MAG R2/A11/E0;6;Bon;- CODE MOTEUR  : K9K_832  - Numero moteur : 7701479144  - KILOMETRAGE 159128 Km      - MOTEUR GARANTIE 6 MOIS  HORS FRAIS DE MONTAGE ET FRAIS DE PORT,   ;10/06/2025;;7701479144;0;
108408263;Moteur;VOLKSWAGEN;GOLF PLUS PHASE 1;Essence;2006;1598;116;BLF;HEU;100253;1;799;Stock : MAG R2/A15/E0;6;Bon;- CODE MOTEUR  : BLF  - BLF306485  - 03C100091P  - KILOMETRAGE 181898Km      - MOTEUR GARANTIE 6 MOIS  HORS FRAIS DE MONTAGE ET FRAIS DE PORT,   - VIN : WVWZZZ1KZ7W509701  ;02/07/2025;;03C100091P;0;
109821397;Moteur;CITROEN;;;2025;0;0;INJECTION TU1AE5;MA5 / L;100819;1;699;Stock : MAG R0/A0/E0;12;Bon;- CODE MOTEUR  : TU1AE5-HFV  - Numero moteur : 0135RA  - KILOMETRAGE 85186Km      - MOTEUR GARANTIE 6 MOIS  HORS FRAIS DE MONTAGE ET FRAIS DE PORT,   - VOITURE DONNEUSE : CITROEN C3 II (A51) PHASE 2  - VIN : VF7SCHFV0AA692174  - MOTEUR TOUJOURS MONTER SUR LE VEHICULE (DELAI 72H POUR DEMONTAGE)  - MOTEUR TESTER AVANT DEMONTAGE  - GARANTIE APPLIQUE UNIQUEMENT SUR LE MOTEUR  - MOTEUR VENDUE SANS ALTERNATEUR, SANS DEMARREUR, SANS COMPRESSEUR DE CLIM ET SANS BOITE  - TOUTES PIECES LAISSER SUR LE MOTEUR EST FOURNIS A TITRE GR;25/07/2025;;0135RA;0;
110438910;Moteur;DACIA;SANDERO 2 PHASE 1;Essence;2015;1149;75;D4F 732;JH3090;102028;1;580;Stock : MAG R2/A8/E0;12;Bon;- CODE MOTEUR  : D4F_732   - Numero moteur : 6001552227  - KILOMETRAGE 70504Km      - MOTEUR GARANTIE 12 MOIS  HORS FRAIS DE MONTAGE ET R;08/08/2025;;6001552227;0;
110472702;Moteur;SKODA;;;2020;0;0;1.4L  DGEB;TRS 6;101357;1;2800;Stock : MAG R2/A12/E0;12;Bon;- CODE MOTEUR  : DGEB  - Numero moteur : 04E100038G  - KILOMETRAGE 114353 Km      - MOTEUR GARANTIE 6 MOIS  HORS FRAIS DE MONTAGE ET FRAIS DE PORT,   - VOITURE DONNEUSE : SKODA SUPERB 3 PHASE 2 BREAK  - VIN : TMBJW7NP3M7017051  - MOTEUR VENDUE SANS ALTERNATEUR, SANS DEMARREUR, SANS COMPRESSEUR DE CLIM ET SANS BOITE  ;11/08/2025;;04E100038G;0;
113514244;Moteur;DACIA;DUSTER 1 PHASE 1;Diesel;2011;1461;90;K9K 892;JR5 189;101433;1;280;Stock : MAG R2/A7/E0;3;Mauvais;- CODE MOTEUR  : K9K892  - Numero moteur : 8201246258  - KILOMETRAGE 194866 Km      - MOTEUR GARANTIE 3 MOIS  HORS FRAIS DE MONTAGE ET FRAIS DE PORT,   Moteur Sans les injecteurs;10/10/2025;;8201246258;0;
113672985;Moteur;SEAT;IBIZA 3 PHASE 2;Essence;2007;1390;85;1.4L  BXW;JHQ;102117;1;499;Stock : MAG R0/A10/E2;12;Bon;- CODE MOTEUR  : BXW  - Numero moteur : 036100039Q  - KILOMETRAGE 171200Km      ;14/10/2025;20/06/2026;036100039Q;0;20/06/2026
114677037;Moteur;FORD;GALAXY 2 PHASE 1;Diesel;2008;1997;140;QXWA_DURATORQ;7G9R7002UD;101629;1;499;Stock : MAG R2/A13/E0;3;Bon;- CODE MOTEUR  : QXWA / QXWC / QXWB / UFMA  - Numero moteur : 6M5Q6007BB  - KILOMETRAGE 260725 Km      - MOTEUR GARANTIE 3 MOIS  HORS FRAIS DE MONTAGE ET FRAIS DE PORT, ;29/10/2025;;6M5Q6007BB;0;
114752163;Moteur;CITROEN;C4 2 PHASE 1;Diesel;2012;1560;90;DV6DTED;BE4 L;102335;1;599;Stock : MAG R2/A13/E0;12;Bon;- CODE MOTEUR  : DV6DTED_9HP  - Numero moteur : 00000135SW  - KILOMETRAGE 223176 Km      - MOTEUR GARANTIE 12 MOIS  HORS FRAIS DE MONTAGE ET FRAIS DE PORT,   ;30/10/2025;;00000135SW;0;
114817698;Moteur;TOYOTA;AURIS 1 PHASE 2;Essence;2011;1329;99;1300CC 16VALVE DOHC EFI;EC60-6;102607;1;599;Stock : MAG R2/A7/E0;6;Bon;- CODE MOTEUR  : 1NRFE   - Numero moteur : 1900047091  - KILOMETRAGE 181570 Km      - MOTEUR GARANTIE 6 MOIS  HORS FRAIS DE MONTAGE ET FRAIS DE PORT,     ;31/10/2025;;1900047091;0;
114817998;Moteur;NISSAN;MICRA 4 PHASE 2;Essence;2012;1198;80;HR12DE;;101283;1;400;Stock : MAG R2/A5/E0;12;Bon;- CODE MOTEUR  : HR12DE   - Numero moteur : 101021HC1D  - KILOMETRAGE 109592 Km      - MOTEUR GARANTIE 12 MOIS  HORS FRAIS DE MONTAGE ET FRAIS DE PORT,   ;31/10/2025;;101021HC1D;0;
114947693;Moteur;AUDI;Q3 2 SPORTBACK;Essence/Hybride;2022;1395;245;DGEA;UCY6 0DD300046K00E;102299;1;3199;Stock : MAG SUP R0/A0/E0;12;Bon;- CODE MOTEUR  : DGEA  - Numero moteur : 04E100099F  - KILOMETRAGE 50 000Km      - MOTEUR GARANTIE 12 MOIS  HORS FRAIS DE MONTAGE ET FRAIS DE PORT,     - MOTEUR TOUJOURS MONTER SUR LE VEHICULE (DELAI 72H POUR DEMONTAGE)  - GARANTIE APPLIQUE UNIQUEMENT SUR LE MOTEUR  - MOTEUR VENDUE SANS ALTERNATEUR, SANS DEMARREUR, SANS COMPRESSEUR DE CLIM ET SANS BOITE  - TOUTES PIECES LAISSER SUR LE MOTEUR EST FOURNIS A TITRE GR;04/11/2025;;04E100099F;0;
115228564;Moteur;TOYOTA;AYGO 2 PHASE 1;Essence;2014;998;69;1KRFE;C553A-R5;102643;1;790;Stock : MAG R0/A10/E2;12;Bon;- CODE MOTEUR  : 1KRFE  - Numero moteur : 190000Q082  - KILOMETRAGE 45166Km      ;07/11/2025;20/06/2026;190000Q082;0;20/06/2026
115656851;Moteur;VOLKSWAGEN;GOLF 7 PHASE 1;Essence;2017;1197;110;CYV;QHV/QRL;102477;1;1999;Stock : MAG R3/A12/E0;12;Bon;- CODE MOTEUR  : CYV  - Numero moteur : 04E100098B  - KILOMETRAGE 94 632Km      ;15/11/2025;;04E100098B;0;
115966073;Moteur;HYUNDAI;KONA 1 PHASE 1;Electricité;2021;0;136;EM16;ELECTRIQUE;102053;1;2099;Parc Mesure Co LONGJUMEAU;6;Bon;- CODE MOTEUR  : EM  - Numero moteur : 364000E170  - KILOMETRAGE 60 000Km      - MOTEUR GARANTIE 6 MOIS  HORS FRAIS DE MONTAGE ET FRAIS DE PORT,   - MOTEUR TOUJOURS MONTER SUR LE VEHICULE (DELAI 72H POUR DEMONTAGE)  - MOTEUR TESTER AVANT DEMONTAGE  - GARANTIE APPLIQUE UNIQUEMENT SUR LE MOTEUR  - TOUTES PIECES LAISSER SUR LE MOTEUR EST FOURNIS A TITRE GR;21/11/2025;;364000E170;0;
116150406;Moteur;RENAULT;CLIO 4 PHASE 1;Essence;2013;898;90;H4BA400;JH3334;102535;1;1759;Stock : MAG R2/A4/E0;12;Bon;- CODE MOTEUR  : H4BA400  - Numero moteur : 100014748R  - KILOMETRAGE 54 438Km      ;25/11/2025;;100014748R;0;
116292758;Moteur;SUZUKI;SWIFT 3;Essence;2005;1328;90;M13A;;101491;1;90;Stock : MAG R2/A1/E0;12;Bon;- CODE MOTEUR  : M13A  - Numero moteur : M13A   - KILOMETRAGE 290218 Km      T10M13A;27/11/2025;;M13A1764352;0;
117570108;Moteur;VOLKSWAGEN;GOLF 5;Diesel;2004;1896;90;BRU;GQQ/JCR;102937;1;599;Stock : MAG R3/A11/E0;3;Bon;- CODE MOTEUR  : BRU  - Numero moteur : 03G100098X  - KILOMETRAGE 305144 Km      ;04/12/2025;;03G100098X;0;
117798108;Moteur;TOYOTA;PRIUS 3 PHASE 1;;2010;1798;136;2ZRFXE;CVFC;102754;1;1879;Parc Mesure Co LONGJUMEAU;3;Bon;- CODE MOTEUR  : 2ZRFXE  - Numero moteur : 1900037472  - KILOMETRAGE 154 736Km      - MOTEUR GARANTIE 6  MOIS  HORS FRAIS DE MONTAGE ET FRAIS DE PORT,   - MOTEUR TOUJOURS MONTER SUR LE VEHICULE (DELAI 72H POUR DEMONTAGE)  - MOTEUR TESTER AVANT DEMONTAGE  - GARANTIE APPLIQUE UNIQUEMENT SUR LE MOTEUR  - MOTEUR VENDUE SANS ALTERNATEUR, SANS DEMARREUR, SANS COMPRESSEUR DE CLIM ET SANS BOITE  - TOUTES PIECES LAISSER SUR LE MOTEUR EST FOURNIS A TITRE GR;09/12/2025;;1900037472;0;
117799797;Moteur;NISSAN;JUKE 1 PHASE 2;Diesel;2016;1461;110;K9K_896;RS6F94R;102826;1;1589;Stock : MAG R3/A13/E0;12;Bon;- CODE MOTEUR  : 1010201Q3B  - Numero moteur : K9K-896  - KILOMETRAGE 155 367Km      - Code VIN  SJNFCAF15U7185301;09/12/2025;22/08/2026;1010201Q3B;0;22/08/2026
118114517;Moteur;RENAULT;CLIO 4 PHASE 2 BREAK;Diesel;2016;1461;75;K9K 628;JR5 060;99128;1;500;Stock : MAG R2/A11/E0;12;Bon;********  moteur vendu sans turbo    ************  Litrage 1.5 L EnergieDiesel   Code moteur K9K_628  Puissance moteur 55 KW, 75 CH  Cylindree en CC 1461 cc  Code VIN VF17RBF0A56571099    160752 Km;15/12/2025;;8201708642;0;
118609274;Moteur;PEUGEOT;EXPERT 3 PHASE 1;Diesel;2019;1499;120;DV5RUC_YHV;ML6C;92278;1;3419;Parc Mesure Co LONGJUMEAU;18;Bon;- CODE MOTEUR  : YHV_DV5RUC  - Numero moteur : 1638158880  - KILOMETRAGE 90 000 Km      - MOTEUR GARANTIE 18 MOIS  HORS FRAIS DE MONTAGE ET FRAIS DE PORT,   - MOTEUR TOUJOURS MONTER SUR LE VEHICULE (DELAI 72H POUR DEMONTAGE)  - MOTEUR TESTER AVANT DEMONTAGE  - GARANTIE APPLIQUE UNIQUEMENT SUR LE MOTEUR  - MOTEUR VENDUE SANS ALTERNATEUR, SANS DEMARREUR, SANS COMPRESSEUR DE CLIM ET SANS BOITE  - TOUTES PIECES LAISSER SUR LE MOTEUR EST FOURNIS A TITRE GR;27/12/2025;;1638158880;0;
118609963;Moteur;OPEL;CORSA F PHASE 1;Essence;2019;1199;101;EB2ADT_HNK;MB6;102125;1;1699;Stock : MAG R0/A14/E1;12;Bon;- CODE MOTEUR  : EB2ADT_HNK  - OEM moteur : 1627638180  - KILOMETRAGE 31 060 Km      - MOTEUR GARANTIE 12 MOIS  HORS FRAIS DE MONTAGE ET FRAIS DE PORT,   - MOTEUR VENDUE SANS ALTERNATEUR, SANS DEMARREUR, SANS COMPRESSEUR DE CLIM ET SANS BOITE  - TOUTES PIECES LAISSER SUR LE MOTEUR EST FOURNIS A TITRE GR  ;27/12/2025;;1627638180;0;
118609984;Moteur;AUDI;A1 1 SPORTBACK PHASE 2;Essence;2015;1395;125;CZCA;0AM/0CW;97044;1;1429;Stock : MAG R0/A12/E0;12;Bon;- CODE MOTEUR  : CZCA  - Numero moteur : 04E100034J  - KILOMETRAGE 128 815 Km      ;27/12/2025;06/07/2026;04E100034J;0;06/07/2026
118948997;Moteur;CHEVROLET;AVEO 1;Essence/GPL;2009;1206;85;B12D1;;102865;1;480;Stock : MAG R2/A6/E0;12;Bon;Litrage :1.2 L  Energie :Essence / gaz combustible liquefie (GPL)  Code moteur :B12D1  Puissance moteur :62 KW, 84 CH  Cylindree en CC :1206 cc  Code VIN : KL1SF08DJ9W063908;08/01/2026;;25192246;0;
119398175;Moteur;RENAULT;TWINGO 3 PHASE 1;Essence;2015;999;71;H4D_400;JE3;99507;1;399;Stock : MAG R0/A11/E2;12;Bon;- CODE MOTEUR  : H4D400  - Numero moteur : 8201522311  - KILOMETRAGE 131 272Km      ;16/01/2026;24/07/2026;8201522311;0;24/07/2026
119642210;Moteur;SEAT;LEON 3 PHASE 1;Diesel;2013;1598;105;CLHA;MWW;103728;1;1659;Stock : MAG R0/A14/E0;12;Bon;- CODE MOTEUR  : CLHA  - Numero moteur : 04L100090  - KILOMETRAGE 177 586Km  - MOTEUR VENDUE SANS ALTERNATEUR, SANS DEMARREUR, SANS COMPRESSEUR DE CLIM ET SANS BOITE  - TOUTES PIECES LAISSER SUR LE MOTEUR EST FOURNIS A TITRE GR  - VIN: VSSZZZ5FZDR026420;22/01/2026;29/07/2026;04L100090;0;29/07/2026
119832682;Moteur;PEUGEOT;PARTNER 1 PHASE 2;Diesel;2009;1560;75;DV6BTED4_9HT;BE4-5L;99526;1;390;Stock : MAG R3/A17/E0;12;Mauvais;- CODE MOTEUR  : 9HT_DV6BTED4  - Numero moteur : 0135PN  - KILOMETRAGE 289818 Km      - Sans les injecteurs;26/01/2026;;0135PN;0;
120334357;Moteur;CITROEN;BERLINGO 2 PHASE 2;Diesel;2014;1560;90;DV6DTED_9HF;;85521;1;855;Stock : MAG R3/A15/E0;12;Bon;- CODE MOTEUR  : DV6DTED_9HF  - Numero moteur : 0135SW  - KILOMETRAGE 245883Km      - MOTEUR GARANTIE 12 MOIS  HORS FRAIS DE MONTAGE ET FRAIS DE PORT,   - Montage sur : A PARTIR DU 12746 (02/10/2011)  VEHICULE UTILITAIRE  9H06  - Litrage 1.6 L  Energie Diesel  Code moteur DV6DTED_9HF  Puissance moteur 66 KW, 90 CH  Cylindree en CC 1560 cc  Code VIN :VF77B9HF0DN503468  ;03/02/2026;;0135SW;0;
120460106;Moteur;PEUGEOT;508 1 PHASE 1;Diesel;2013;1997;140;DW10BTED4_RHF;ML6 / 20MB27;103366;1;999;Stock : MAG R0/A12/E0;12;Bon;- CODE MOTEUR  : RHF-DW10BTED4  - Numero moteur : 1607403480  - KILOMETRAGE 144 311 Km      - VIN - VF38DRHF8DL005628;04/02/2026;;1607403480;0;
121843067;Moteur;CHEVROLET;CRUZE PHASE 1;Diesel;2010;1991;125;Z20S1;MFV;102594;1;699;Stock : MAG R3/A14/E0;12;Bon;- CODE MOTEUR  : Z20S1  - Numero moteur : 96440505  - KILOMETRAGE 210000 Km      ;26/02/2026;;96440505;0;
121908570;Moteur;CITROEN;C1 2;Essence;2015;998;69;CFB_1KR;C551;103269;1;499;Stock : MAG R2/A14/E0;12;Bon;- CODE MOTEUR  : CFB_1KR  - Numero moteur : 1631737580  - KILOMETRAGE 118030 Km      - Montage sur : C1 2014  INJECTION 1KR EURO5 ;27/02/2026;;1631737580;0;
122002972;Moteur;DACIA;LOGAN MCV 2 PHASE 1 BREAK;Diesel;2013;1461;90;K9K 612;JR5 336;103199;1;150;Stock : MAG R0/A10/E1;12;Bon;- CODE MOTEUR  : K9K_612  - Numero moteur : 8201535504  - KILOMETRAGE 254126 Km    ;02/03/2026;20/06/2026;8201535504;0;20/06/2026
122073226;Moteur;RENAULT;CAPTUR 1 PHASE 1;Diesel;2016;1461;90;K9K 608;JR5 332;102875;1;599;Stock : MAG R2/A12/E0;12;Bon;- CODE MOTEUR  : K9K608  - Numero moteur : 8201535502  - KILOMETRAGE 161 805 Km      - MOTEUR GARANTIE 12 MOIS  HORS FRAIS DE MONTAGE ET FRAIS DE PORT,   ;03/03/2026;;8201535502;0;
122280682;Moteur;FIAT;GRANDE PUNTO ABARTH;Essence;2008;1368;155;199A8000;;103830;1;1999;Stock : MAG R0/A11/E1;12;Bon;- CODE MOTEUR  : 199A8000  - Numero moteur : 71751111  - KILOMETRAGE 99 807Km      ;06/03/2026;20/06/2026;71751111;0;20/06/2026
122576268;Moteur;ALFA ROMEO;GIULIETTA 2 PHASE 1;Diesel;2012;1956;140;940A5000;;103603;1;1800;Parc Mesure Co LONGJUMEAU;12;Bon;- CODE MOTEUR  : 940A5000  - Numero moteur : 71773334  - KILOMETRAGE 185 695 Km      - MOTEUR GARANTIE 12 MOIS  HORS FRAIS DE MONTAGE ET FRAIS DE PORT,   - MOTEUR TOUJOURS MONTER SUR LE VEHICULE (DELAI 72H POUR DEMONTAGE)  - MOTEUR TESTER AVANT DEMONTAGE  - GARANTIE APPLIQUE UNIQUEMENT SUR LE MOTEUR  - MOTEUR VENDUE SANS ALTERNATEUR, SANS DEMARREUR, SANS COMPRESSEUR DE CLIM ET SANS BOITE  - TOUTES PIECES LAISSER SUR LE MOTEUR EST FOURNIS A TITRE GR;12/03/2026;;71773334;0;
122622329;Moteur;CHEVROLET;VOLT;Essence/Hybride;2013;1398;85;LUU_A14FXL;4ET50 / 4ET55;102324;1;709;Parc Mesure Co LONGJUMEAU;3;Bon;- CODE MOTEUR  : LUU_A14FXL  - Numero moteur : 55578536  - KILOMETRAGE 242 674Km      - MOTEUR GARANTIE 6  MOIS  HORS FRAIS DE MONTAGE ET FRAIS DE PORT,   - MOTEUR TOUJOURS MONTER SUR LE VEHICULE (DELAI 72H POUR DEMONTAGE)  - MOTEUR TESTER AVANT DEMONTAGE  - GARANTIE APPLIQUE UNIQUEMENT SUR LE MOTEUR  - MOTEUR VENDUE SANS ALTERNATEUR, SANS DEMARREUR, SANS COMPRESSEUR DE CLIM ET SANS BOITE  - TOUTES PIECES LAISSER SUR LE MOTEUR EST FOURNIS A TITRE GR;12/03/2026;;55578536;0;
122966782;Moteur;OPEL;ASTRA H GTC PHASE 2;Diesel;2009;1686;100;Z17DTH_LPZ;M32-6;101736;1;499;Stock : MAG R0/A10/E1;12;Bon;- CODE MOTEUR  : Z_17_DTH  - Numero moteur : 98031481  - KILOMETRAGE 139519 Km      ;17/03/2026;20/06/2026;98031481;0;20/06/2026
123391483;Moteur;AUDI;A3 3 SPORTBACK PHASE 1;Diesel;2014;1598;110;CRKB;PYS/QHU;104047;1;1990;Stock : MAG R2/A4/E0;12;Bon;- CODE MOTEUR  : CRK  - Numero moteur : 04L100090C  - KILOMETRAGE 210 513Km      ;25/03/2026;01/06/2026;04L100090C;0;01/06/2026
123412383;Moteur;PEUGEOT;2008 1 PHASE 1;Essence;2017;1199;110;HNZ_EB2DT;BE4/5L;104035;1;1299;Stock : MAG R3/A14/E0;12;Bon;- CODE MOTEUR  : HNZ_EB2DT  - Numero moteur : 1617296180  - KILOMETRAGE 115946 Km      - MOTEUR VENDUE SANS ALTERNATEUR, SANS DEMARREUR, SANS COMPRESSEUR DE CLIM ET SANS BOITE  ;25/03/2026;;1617296180;0;
123413939;Moteur;FORD;C-MAX 2 PHASE 1;Essence;2012;1596;105;IQDB;AV6R7002BG;104449;1;1359;Stock : MAG R2/A1/E0;12;Bon;- CODE MOTEUR  : IQDB  - Numero moteur : 1752082  - KILOMETRAGE 132 911Km      ;25/03/2026;;1752082;0;
123614151;Moteur;RENAULT;TWINGO 3 PHASE 1;Essence;2015;898;90;H4B 401;JE3 003;101226;1;659;Parc Mesure Co LONGJUMEAU;12;Bon;- CODE MOTEUR  : H4B_401  - Numero moteur : 8201708011  - KILOMETRAGE 130 883Km      - MOTEUR GARANTIE 12MOIS  HORS FRAIS DE MONTAGE ET FRAIS DE PORT,   - MOTEUR TOUJOURS MONTER SUR LE VEHICULE (DELAI 72H POUR DEMONTAGE)  - MOTEUR TESTER AVANT DEMONTAGE  - GARANTIE APPLIQUE UNIQUEMENT SUR LE MOTEUR  - MOTEUR VENDUE SANS ALTERNATEUR, SANS DEMARREUR, SANS COMPRESSEUR DE CLIM ET SANS BOITE  - TOUTES PIECES LAISSER SUR LE MOTEUR EST FOURNIS A TITRE GR;30/03/2026;;8201708011;0;
123621784;Moteur;NISSAN;;;2005;2488;0;QR25DE;;103742;1;1039;Parc Mesure Co LONGJUMEAU;12;Bon;- CODE MOTEUR  : QR25DE  - Numero moteur : 10102-9H5ZR-EX  - KILOMETRAGE 0000000 Km      - MOTEUR GARANTIE 12  MOIS  HORS FRAIS DE MONTAGE ET FRAIS DE PORT,   - MOTEUR TOUJOURS MONTER SUR LE VEHICULE (DELAI 72H POUR DEMONTAGE)  - MOTEUR TESTER   - GARANTIE APPLIQUE UNIQUEMENT SUR LE MOTEUR  - MOTEUR VENDUE SANS ALTERNATEUR, SANS DEMARREUR, SANS COMPRESSEUR DE CLIM ET SANS BOITE  - TOUTES PIECES LAISSER SUR LE MOTEUR EST FOURNIS A TITRE GR;30/03/2026;;101029H5ZREX;0;
123622711;Moteur;TOYOTA;YARIS 3 PHASE 1;Essence/Hybride;2013;1497;101;1NZFXE;CVFC;95097;1;729;Stock : MAG R2/A1/E0;12;Bon;- CODE MOTEUR  : 1NZFXE  - Numero moteur : 1900021D01  - KILOMETRAGE 185000 Km      - CODE VIN: VNKKD3D370A057848;30/03/2026;20/08/2026;1900021D01;0;20/08/2026
123845403;Moteur;RENAULT;MEGANE 5;Electricité;2023;0;220;6AM_206;;99430;1;1979;Stock : MAG R2/A6/E0;12;Bon;- CODE MOTEUR  : 6AM_206  - KILOMETRAGE 43544 Km      - Ref OEM: 290309570R  - Garantie 12 MOIS;02/04/2026;;290309570R;0;
123887135;Moteur;KIA;CARENS 3;Diesel;2009;1991;116;D4EA;BOITE DE VITESSES MANUELLE 5 VITESSES 2WD;104507;1;2069;Parc Mesure Co LONGJUMEAU;12;Bon;- CODE MOTEUR  : D4EA  - Numero moteur : 102Y127H00  - KILOMETRAGE 133 313Km      - MOTEUR GARANTIE 12 MOIS  HORS FRAIS DE MONTAGE ET FRAIS DE PORT,   - MOTEUR TOUJOURS MONTER SUR LE VEHICULE (DELAI 72H POUR DEMONTAGE)  - MOTEUR TESTER AVANT DEMONTAGE  - GARANTIE APPLIQUE UNIQUEMENT SUR LE MOTEUR  - MOTEUR VENDUE SANS ALTERNATEUR, SANS DEMARREUR, SANS COMPRESSEUR DE CLIM ET SANS BOITE  - TOUTES PIECES LAISSER SUR LE MOTEUR EST FOURNIS A TITRE GR;03/04/2026;;102Y127H00;0;
123889469;Moteur;FORD;B-MAX;Diesel;2012;1560;95;T3JB;B5/IB5;102224;1;1169;Parc Mesure Co LONGJUMEAU;12;Bon;- CODE MOTEUR  : T3JB  - Numero moteur : 1853559  - KILOMETRAGE 1335 0000 Km      - MOTEUR GARANTIE 12 MOIS  HORS FRAIS DE MONTAGE ET FRAIS DE PORT,   - MOTEUR TOUJOURS MONTER SUR LE VEHICULE (DELAI 72H POUR DEMONTAGE)  - MOTEUR TESTER AVANT DEMONTAGE  - GARANTIE APPLIQUE UNIQUEMENT SUR LE MOTEUR  - MOTEUR VENDUE SANS ALTERNATEUR, SANS DEMARREUR, SANS COMPRESSEUR DE CLIM ET SANS BOITE  - TOUTES PIECES LAISSER SUR LE MOTEUR EST FOURNIS A TITRE GR;03/04/2026;;1853559;0;
124132513;Moteur;VOLKSWAGEN;TOURAN 3;Essence;2016;1395;150;CZDA;RRK 7;104159;1;1699;Stock : MAG R0/A12/E1;12;Bon;- CODE MOTEUR  : CZDA  - Numero moteur : 04E100098F  - KILOMETRAGE 167 007Km      - VIN: WVGZZZ1TZHW032585;10/04/2026;24/07/2026;04E100098F;0;24/07/2026
124602987;Moteur;RENAULT;KOLEOS 2 PHASE 1;Diesel;2018;1995;177;M9R_868;FK0;101525;1;2069;Stock : MAG R3/A14/E0;12;Bon;- CODE MOTEUR  : M9R_868  - Numero moteur : 8201655376  - KILOMETRAGE 111687 Km      - MOTEUR VENDUE SANS ALTERNATEUR, SANS DEMARREUR, SANS COMPRESSEUR DE CLIM ET SANS BOITE  - MOTEUR AVEC FISCAUX COMPLET  ;21/04/2026;;8201655376;0;
124996804;Moteur;TOYOTA;RAV4 4 PHASE 2;Essence/Hybride;2017;2494;155;2ARFXE;;103667;1;1799;Stock : MAG R0/A11/E1;12;Bon;- CODE MOTEUR  : 2ARFXE  - Numero moteur : 1900036760  - KILOMETRAGE 230 095Km      - Moteur sans les BOBINES    - Code VIN: JTMWRREV10D027841;24/04/2026;25/09/2026;1900036760;0;25/09/2026
125408757;Moteur;CITROEN;C1 2;Essence;2014;998;69;1KRB52;C551;103903;1;590;Stock : MAG R0/A10/E2;12;Bon;- CODE MOTEUR  : 1KRB52  - Numero moteur : 1631737580  - KILOMETRAGE 66635 Km      - Code VIN: VF7PSCFBBER524113;04/05/2026;20/06/2026;1631737580;0;20/06/2026
125410504;Moteur;LANCIA;MUSA PHASE 1;Essence;2005;1368;95;843A1000;;104039;1;699;Stock : MAG R0/A10/E2;12;Bon;- CODE MOTEUR  : 843A1000  - Numero moteur : 71751103  - KILOMETRAGE 142312 Km      ;04/05/2026;20/06/2026;71751103;0;20/06/2026
125900927;Moteur;TOYOTA;AURIS 2 PHASE 2 BREAK;Essence/Hybride;2017;1798;99;2ZRFXE;P140-V;104115;1;1200;Stock : MAG R2/A7/E0;12;Bon;- CODE MOTEUR  : 2ZRFXE  - Numero moteur : 1900037472  - KILOMETRAGE 326 341Km      - Code VIN: SB1ZS3JE60E361446;13/05/2026;;1900037472;0;
125919280;Moteur;TOYOTA;YARIS 4;Essence/Hybride;2024;1490;92;M15AFXE;;103855;1;1699;Parc Mesure Co LONGJUMEAU;12;Bon;- CODE MOTEUR  : M15AFXE  - Numero moteur : 19000F3020  - KILOMETRAGE 25 000Km      - MOTEUR GARANTIE 12 MOIS  HORS FRAIS DE MONTAGE ET FRAIS DE PORT,   - MOTEUR TOUJOURS MONTER SUR LE VEHICULE (DELAI 72H POUR DEMONTAGE)  - MOTEUR TESTER AVANT DEMONTAGE  - GARANTIE APPLIQUE UNIQUEMENT SUR LE MOTEUR  - MOTEUR VENDUE SANS ALTERNATEUR, SANS DEMARREUR, SANS COMPRESSEUR DE CLIM ET SANS BOITE  - TOUTES PIECES LAISSER SUR LE MOTEUR EST FOURNIS A TITRE GR;13/05/2026;;19000F3020;0;
126191254;Moteur;DACIA;LOGAN MCV 2 PHASE 1 BREAK;Essence;2017;898;90;H4B 408;JS3 ROBOTISEE 002;101527;1;1452;Parc Mesure Co LONGJUMEAU;12;Bon;- CODE MOTEUR  : H4B408  - Numero moteur : 8201588337  - KILOMETRAGE 129923Km      - MOTEUR GARANTIE 6 MOIS  HORS FRAIS DE MONTAGE ET FRAIS DE PORT,   - MOTEUR TOUJOURS MONTER SUR LE VEHICULE (DELAI 72H POUR DEMONTAGE)  - MOTEUR TESTER AVANT DEMONTAGE  - GARANTIE APPLIQUE UNIQUEMENT SUR LE MOTEUR  - MOTEUR VENDUE SANS ALTERNATEUR, SANS DEMARREUR, SANS COMPRESSEUR DE CLIM ET SANS BOITE  - TOUTES PIECES LAISSER SUR LE MOTEUR EST FOURNIS A TITRE GR;20/05/2026;;8201588337;0;
126425254;Moteur;FIAT;TIPO 2 PHASE 1;Diesel;2017;1598;120;55260384;;102540;1;2399;Stock : MAG R0/A12/E0;12;Bon;- CODE MOTEUR  : 55260384  - Numero moteur : 73503965  - KILOMETRAGE 187009 Km      - Code VIN: ZFA35600006F65690;22/05/2026;07/07/2026;73503965;0;07/07/2026
126458257;Moteur;RENAULT;CLIO 4 PHASE 1;Diesel;2015;1461;75;K9K 612;JR5 335;103913;1;299;Stock : MAG R2/A15/E0;12;Bon;- CODE MOTEUR  : K9K_612  - Numero moteur : 8201535506  - KILOMETRAGE 234768 Km      ;23/05/2026;;8201535506;0;
127066320;Moteur;NISSAN;MICRA 3 PHASE 3;Essence;2009;1240;65;CR12DE;JH3103;102469;1;390;Stock : MAG R0/A10/E1;12;Bon;- CODE MOTEUR  : CR12DE  - Numero moteur : 10102AY2SREX  - KILOMETRAGE 158506 Km      ;02/06/2026;20/06/2026;10102AY2SREX;0;20/06/2026
127066818;Moteur;RENAULT;CLIO 3 PHASE 1;Essence;2006;1390;98;K4J_780;JH3-177;105098;1;499;Stock : MAG R3/A12/E0;12;Bon;- CODE MOTEUR  : K4J_780  - Numero moteur : 7701477170  - KILOMETRAGE Non garantie   ;02/06/2026;20/06/2026;7701477170;0;20/06/2026
127069153;Moteur;OPEL;KARL;Essence/GPL;2016;999;75;B10XE_L5Q;Y4M-HD;101269;1;899;Stock : MAG R0/A10/E1;12;Bon;- CODE MOTEUR  : B10XE_L5Q  - Numero moteur : 55495862  - KILOMETRAGE 46603 Km      - Code VIN: W0LDD6EB1GC614873;02/06/2026;20/06/2026;55495862;0;20/06/2026
127267047;Moteur;TOYOTA;AYGO 1 PHASE 1;Essence;2007;998;68;1KRFE;C551-5/C553-5;104308;1;390;Stock : MAG R3/A12/E0;12;Bon;- CODE MOTEUR  : 1KRFE  - Numero moteur : 190000Q040  - KILOMETRAGE 126398 Km      - Code VIN: JTDKG18C20N201670;04/06/2026;;190000Q040;0;
127448085;Moteur;RENAULT;KANGOO 2 PHASE 2;Diesel;2013;1461;90;K9K 608;JR5 364;101429;1;600;Stock : MAG R2/A17/E0;12;Bon;- CODE MOTEUR  : K9K_608  - Numero moteur : 8201535497  - KILOMETRAGE 215814 Km      - Code VIN: VF1FW58C549976768;08/06/2026;;8201535497;0;
127481845;Moteur;CITROEN;DS3 PHASE 1;Essence;2011;1598;120;EP6C_5FS;MA-5S;103436;1;250;Stock : MAG R0/A11/E1;12;Mauvais;*************  - Moteur Casse VOIR LES PHOTOS  **************    - CODE MOTEUR  : EP6C_5FS  - Numero moteur : 0135RL  - KILOMETRAGE 175000 Km      ;09/06/2026;20/06/2026;0135RL;0;20/06/2026
127484900;Moteur;VOLKSWAGEN;POLO 3 PHASE 2;Diesel;2001;1422;75;AMF;EXB;103219;1;390;Stock : MAG R0/A11/E1;12;Mauvais;- CODE MOTEUR  : AMF  - Numero moteur : AMF  - cache culbuteur casse-  Code VIN: WVWZZZ6NZ1Y377287;09/06/2026;20/06/2026;AMF;0;20/06/2026
128008404;Moteur;RENAULT;MASTER 3 PHASE 3;Diesel;2024;2299;150;M9T_726;PF6;103389;1;6499;Parc Mesure Co LONGJUMEAU;12;Bon;- CODE MOTEUR  : M9T_726  - Numero moteur : 8201743898  - KILOMETRAGE 70 000Km      - MOTEUR GARANTIE 12  MOIS  HORS FRAIS DE MONTAGE ET FRAIS DE PORT,   - MOTEUR TOUJOURS MONTER SUR LE VEHICULE (DELAI 72H POUR DEMONTAGE)  - MOTEUR TESTER AVANT DEMONTAGE  - GARANTIE APPLIQUE UNIQUEMENT SUR LE MOTEUR  - MOTEUR VENDUE SANS ALTERNATEUR, SANS DEMARREUR, SANS COMPRESSEUR DE CLIM ET SANS BOITE  - TOUTES PIECES LAISSER SUR LE MOTEUR EST FOURNIS A TITRE GR;15/06/2026;;8201743898;0;
128034908;Moteur;RENAULT;MEGANE 4 PHASE 1 BREAK;Essence;2018;1618;205;M5MB450;DW5004;102783;1;1799;Stock : MAG R0/A13/E0;12;Bon;- CODE MOTEUR  : M5MB45O  - Numero moteur : 101024714R  - KILOMETRAGE 100 000Km      ;15/06/2026;09/07/2026;101024714R;0;09/07/2026
128345897;Moteur;RENAULT;ZOE 2;Electricité;2019;0;92;5AQ601;ELECTRIQUE;104055;1;999;Stock : MAG R2/A3/E0;12;Bon;- CODE MOTEUR  : 5AQ601  - OEM moteur : 290033096R  - KILOMETRAGE 60000 Km      - Code VIN: VF1AG000862559811;18/06/2026;11/07/2026;5AQ601290033096R;0;11/07/2026
128407537;Moteur;RENAULT;CAPTUR 2 PHASE 1;Essence/Hybride;2022;1598;94;H4M_632;DB1;102199;1;1700;Stock : MAG R0/A11/E0;12;Bon;- CODE MOTEUR  : H4M_632  - Numero moteur : 8201746363  - KILOMETRAGE 35236 Km      - Code VIN: VF1RJB00069265276;19/06/2026;20/06/2026;8201746363;0;20/06/2026
128470699;Moteur;NISSAN;NOTE 1 PHASE 2;Essence;2010;1598;110;HR16DE;310203CX4C;102156;1;499;Stock : MAG R0/A11/E0;12;Bon;- CODE MOTEUR  : HR16DE  - Numero moteur : 10102BC23REX  - KILOMETRAGE 94841 Km      - Code VIN: SJNFCAE11U2090313;20/06/2026;20/06/2026;10102BC23REX;0;20/06/2026
128581515;Moteur;TOYOTA;YARIS 3 PHASE 2;Essence/Hybride;2017;1497;73;1NZFXE;CVFC;103980;1;999;Parc Mesure Co LONGJUMEAU;12;Bon;-REF MOTEUR : 1900021D01  - CODE MOTEUR : 1NZFXE  - KILOMETRAGE 60 000 Km      - MOTEUR GARANTIE 12 MOIS  HORS FRAIS DE MONTAGE ET FRAIS DE PORT,   - MOTEUR TOUJOURS MONTER SUR LE VEHICULE (DELAI 72H POUR DEMONTAGE)  - MOTEUR TESTER AVANT DEMONTAGE  - GARANTIE APPLIQUE UNIQUEMENT SUR LE MOTEUR  - MOTEUR VENDUE SANS ALTERNATEUR, SANS DEMARREUR, SANS COMPRESSEUR DE CLIM ET SANS BOITE  - TOUTES PIECES LAISSER SUR LE MOTEUR EST FOURNIS A TITRE GR;23/06/2026;;1900021D01;0;
128998112;Moteur;PEUGEOT;407 PHASE 1 BREAK;Diesel;2006;1997;136;DW10BTED4_RHR;ML6;105300;1;399;Stock : MAG R0/A12/E0;12;Bon;- CODE MOTEUR  : DW10BTED4_RHR  - Numero moteur / 0135QG  - KILOMETRAGE 272821Km      ;01/07/2026;06/07/2026;0135QG;0;06/07/2026
129069098;Moteur;MERCEDES;CLASSE A 169 PHASE 2;Diesel;2008;1991;82;OM_640942;722800-V;105079;1;590;Stock : MAG R0/A13/E0;12;Bon;- CODE MOTEUR  : OM_640942  - Numero moteur : A6400104944  - KILOMETRAGE Non garanti Km      - Code VIN: WDD1690061J654050;02/07/2026;;A6400104944;0;
129265810;Moteur;FIAT;GRANDE PUNTO;Essence;2009;1242;65;199_A4000;;103634;1;299;Stock : MAG R0/A12/E0;12;Bon;- CODE MOTEUR  : 199_A4000  - Numero moteur : 71751115  - KILOMETRAGE 166352 Km      - Code VIN: ZFA19900000572633;07/07/2026;07/07/2026;71751115;0;07/07/2026
129294232;Moteur;TOYOTA;YARIS 4;Essence/Hybride;2023;1490;92;M15AFXE;P910;103823;1;1799;Stock : MAG R2/A9/E0;12;Bon;- CODE MOTEUR  : M15AFXE  - Numero moteur : 19000F3020  - KILOMETRAGE 65000 Km   Code VIN YARKBAC3X00172949;07/07/2026;07/07/2026;19000F3020;0;07/07/2026
129423371;Moteur;RENAULT;MEGANE 4 PHASE 1;Diesel;2017;1461;110;K9K_646;TL4;103284;1;899;Stock : MAG R0/A14/E0;12;Bon;- CODE MOTEUR  : K9K_646  - Numero moteur : 8201718630  - KILOMETRAGE 142000 Km      ;09/07/2026;09/07/2026;8201718630;0;09/07/2026
129476967;Moteur;RENAULT;KANGOO 2 PHASE 2;Diesel;2017;1461;75;K9K_628;JR5_391;104797;1;1899;Stock : MAG R2/A2/E0;12;Bon;- CODE MOTEUR  : K9K 628  - OEM moteur : 8201585152  - KILOMETRAGE 68 295Km      - CODE VIN: VF1FW50K158253872;10/07/2026;20/08/2026;8201585152;0;20/08/2026
129503262;Moteur;AUDI;Q3 1 PHASE 1;Diesel;2013;1968;140;CFFB;NFZ;104479;1;1499;Parc Mesure Co LONGJUMEAU;12;Bon;- CODE MOTEUR  : CFFB  - Numero moteur : 03L100090J  - KILOMETRAGE 248 342Km      - MOTEUR GARANTIE 12 MOIS  HORS FRAIS DE MONTAGE ET FRAIS DE PORT,   - MOTEUR TOUJOURS MONTER SUR LE VEHICULE (DELAI 72H POUR DEMONTAGE)  - MOTEUR TESTER AVANT DEMONTAGE  - GARANTIE APPLIQUE UNIQUEMENT SUR LE MOTEUR  - MOTEUR VENDUE SANS ALTERNATEUR, SANS DEMARREUR, SANS COMPRESSEUR DE CLIM ET SANS BOITE  - TOUTES PIECES LAISSER SUR LE MOTEUR EST FOURNIS A TITRE GR;11/07/2026;;03L100090J;0;
129617112;Moteur;CITROEN;DS4 PHASE 1;Diesel;2011;1560;110;DV6C_9HR;MCD;101465;1;799;Parc Mesure Co LONGJUMEAU;12;Bon;- CODE MOTEUR  : 9hr-dv6c  - Numero moteur : 00000135QY  - KILOMETRAGE 228230 Km      - MOTEUR GARANTIE 12  MOIS  HORS FRAIS DE MONTAGE ET FRAIS DE PORT,   - MOTEUR TOUJOURS MONTER SUR LE VEHICULE (DELAI 72H POUR DEMONTAGE)  - MOTEUR TESTER AVANT DEMONTAGE  - GARANTIE APPLIQUE UNIQUEMENT SUR LE MOTEUR  - MOTEUR VENDUE SANS ALTERNATEUR, SANS DEMARREUR, SANS COMPRESSEUR DE CLIM ET SANS BOITE  - TOUTES PIECES LAISSER SUR LE MOTEUR EST FOURNIS A TITRE GR;15/07/2026;;00000135QY;0;
129764831;Moteur;HYUNDAI;TUCSON 3 PHASE 1;Essence/Hybride;2022;1598;179;G4FT;BOITE DE VITESSES AUTOMATIQUE 6 VITESSES 2WD;95991;1;4499;Stock indetermine;18;Bon;- CODE MOTEUR  : G4FT  - Numero moteur : Z74512MZ00  - KILOMETRAGE 4 272 Km      - MOTEUR GARANTIE 18 MOIS  HORS FRAIS DE MONTAGE ET FRAIS DE PORT,   - MOTEUR TOUJOURS MONTER SUR LE VEHICULE (DELAI 72H POUR DEMONTAGE)  - MOTEUR TESTER AVANT DEMONTAGE  - GARANTIE APPLIQUE UNIQUEMENT SUR LE MOTEUR  - MOTEUR VENDUE SANS ALTERNATEUR, SANS DEMARREUR, SANS COMPRESSEUR DE CLIM ET SANS BOITE  - TOUTES PIECES LAISSER SUR LE MOTEUR EST FOURNIS A TITRE GR;17/07/2026;;Z74512MZ00;0;
129765012;Moteur;LAND ROVER;RANGE ROVER 1 EVOQUE PHASE 2;Diesel;2016;1999;179;204DTD;;104327;1;9569;Parc Mesure Co LONGJUMEAU;12;Bon;*******    FAUT BIEN VERIFIER LA COMPATIBILITE AVANT TOUTE COMMANDE  AUCUN RETOUR ACCEPTER SOUS PRETEXE NON COMPATYIBILITE    ***********    - CODE MOTEUR  : 204DTD  - Numero moteur : LR073828  - KILOMETRAGE 133565Km      - MOTEUR GARANTIE 12 MOIS  HORS FRAIS DE MONTAGE ET FRAIS DE PORT,   - VOITURE DONNEUSE : RANGE ROVER EVOQUE PHASE 2 2.0TD4 - 16V TURBO 4X4  - VIN : SALVA2BN3GH142631   - MOTEUR TOUJOURS MONTER SUR LE VEHICULE (DELAI 72H POUR DEMONTAGE)  - MOTEUR TESTER AVANT DEMONTAGE  - GARANTIE APPLIQUE UNIQUEMENT SUR LE MOTEUR  - MOTEUR VENDUE SANS ALTERNATEUR, SANS DEMARREUR, SANS COMPRESSEUR DE CLIM ET SANS BOITE  - TOUTES PIECES LAISSER SUR LE MOTEUR EST FOURNIS A TITRE GR;17/07/2026;;LR073828;0;
129900034;Moteur;TOYOTA;YARIS 3 PHASE 2;Essence/Hybride;2016;1497;73;1NZFXE;CVFC;105074;1;799;Parc Mesure Co LONGJUMEAU;12;Bon;- CODE MOTEUR  : 1NZFXE   - Numero moteur : 1900021D01  - KILOMETRAGE ******* Km      - MOTEUR GARANTIE 12 MOIS  HORS FRAIS DE MONTAGE ET FRAIS DE PORT,   - MOTEUR TOUJOURS MONTER SUR LE VEHICULE (DELAI 72H POUR DEMONTAGE)  - MOTEUR TESTER AVANT DEMONTAGE  - GARANTIE APPLIQUE UNIQUEMENT SUR LE MOTEUR  - MOTEUR VENDUE SANS ALTERNATEUR, SANS DEMARREUR, SANS COMPRESSEUR DE CLIM ET SANS BOITE  - TOUTES PIECES LAISSER SUR LE MOTEUR EST FOURNIS A TITRE GR;21/07/2026;;1900021D01;0;
129903721;Moteur;AUDI;A1 1 PHASE 1;Essence;2011;1197;86;CBZA;LGQ;104121;1;1299;Stock : MAG R3/A16/E0;12;Bon;- CODE MOTEUR  : CBZA  - OEM moteur : 03F100091A  - KILOMETRAGE 194980 Km      - Code VIN  WAUZZZ8XXBB057880;21/07/2026;09/09/2026;03F100091A;0;09/09/2026
129921008;Moteur;PEUGEOT;3008 3;Essence/Hybride;2024;1199;136;EB2LDTH2_HPY;EDCT6;103418;1;2990;Parc Mesure Co LONGJUMEAU;12;Bon;- CODE MOTEUR  : HPY_EB2LDTH2  - Numero moteur : 1688198280  - KILOMETRAGE 53 507Km      - MOTEUR GARANTIE 12 MOIS  HORS FRAIS DE MONTAGE ET FRAIS DE PORT,   - MOTEUR TOUJOURS MONTER SUR LE VEHICULE (DELAI 72H POUR DEMONTAGE)  - MOTEUR TESTER AVANT DEMONTAGE  - GARANTIE APPLIQUE UNIQUEMENT SUR LE MOTEUR  - MOTEUR VENDUE SANS ALTERNATEUR, SANS DEMARREUR, SANS COMPRESSEUR DE CLIM ET SANS BOITE  - TOUTES PIECES LAISSER SUR LE MOTEUR EST FOURNIS A TITRE GR;21/07/2026;;1688198280;0;
129989129;Moteur;VOLKSWAGEN;POLO 5 PHASE 1;Diesel;2014;1598;90;CAYB;MZL/KFK;104234;1;910;Stock : MAG R3/A15/E0;12;Bon;- CODE MOTEUR  : CAYB  - KILOMETRAGE 250230Km      - CODE VIN: WVWZZZ6RZEY230655;22/07/2026;;03L100090Q;0;
130135939;Moteur;RENAULT;CAPTUR 1 PHASE 1;Essence;2014;898;90;H4B_400;JR5;104462;1;999;Stock : MAG R0/A12/E1;12;Bon;- CODE MOTEUR  : H4B_400  - OEM moteur : 8201342064  - KILOMETRAGE 168895 Km      - VIN : VF12R5A1H51282980  ;24/07/2026;24/07/2026;8201342064;0;24/07/2026
130226022;Moteur;CITROEN;C3 2 PHASE 1;Diesel;2010;1560;92;DV6DTED_9HP;BE4-5 20DP73;105014;1;690;Stock : MAG R0/A12/E1;12;Bon;- CODE MOTEUR  : DV6DTED_9HP  - OEM moteur : 135RG  - KILOMETRAGE Non Garantie Km      - Code VIN  VF7SC9HP4AW536639  ;27/07/2026;;135RG;0;
130226755;Moteur;PEUGEOT;107 PHASE 3;Essence;2012;998;68;CFB_1KR;C550;105206;1;390;Stock : MAG R0/A13/E1;12;Bon;- CODE MOTEUR  : CFB_1KR  - OEM moteur : 1607830880  - KILOMETRAGE 102496 Km  - VIN : VF3PNCFB488650482  ;27/07/2026;;1607830880;0;
130227003;Moteur;FORD;KA+;Essence;2017;1198;86;1.19L SIGMA TIVCT PFI NA PETROL;B5/IB5 2024532;103714;1;799;Stock : MAG R0/A13/E1;12;Bon;- CODE MOTEUR  : YSKD  - OEM moteur : 1898714  - KILOMETRAGE 62846 Km      - VIN : MAJUXXMTKUGE13407  ;27/07/2026;01/08/2026;1898714;0;01/08/2026
130227247;Moteur;MAZDA;3 1 PHASE 1;Essence;2007;1598;105;Z627,Z601;FNK803000;103504;1;450;Stock : MAG R0/A11/E2;12;Bon;- CODE MOTEUR  : Z627,Z601  - OEM moteur : Z62702300J  - KILOMETRAGE 183377 Km      - VIN : JMZBK14Z571586641  ;27/07/2026;;Z62702300J;0;
130230409;Moteur;TOYOTA;IQ;Essence;2009;998;68;1KRFE;EE53-5 3030074031;103521;1;399;Stock : MAG R2/A11/E0;12;Bon;- CODE MOTEUR  : 1KRFE  - OEM moteur : 1900040220  - KILOMETRAGE 172142 Km      - VIN : JTNML110X0J029590  ;27/07/2026;;1900040220;0;
130297497;Moteur;RENAULT;MASTER 2 PHASE 1;Diesel;2003;2188;90;G9T_722;PF1;105663;1;2499;Stock : MAG R3/A15/E0;12;Bon;- CODE MOTEUR  : G9T_722  - Numero moteur : 7701474726  - KILOMETRAGE 300 422Km      - CODE VIN: VF1FDCNH528462546;28/07/2026;;7701474726;0;
130370018;Moteur;NISSAN;NOTE 1 PHASE 2;Essence;2011;1386;88;CR14DE;JH3308;103399;1;490;Stock : MAG R0/A10/E1;12;Bon;- CODE MOTEUR  : CR14DE  - OEM moteur : 10102AY4SREX  - KILOMETRAGE 251081 Km      - Code VIN  SJNFAAE11U2111438;29/07/2026;;10102AY4SREX;0;
130370923;Moteur;VOLKSWAGEN;PASSAT 5 BREAK;Diesel;2006;1968;140;BKP;HQL/HXS/KCU;105104;1;999;Stock : MAG R0/A14/E1;12;Bon;- CODE MOTEUR  : BKP  - KILOMETRAGE 196000 Km      - Code VIN  WVWZZZ3CZ6E147663  - REF OEM MOTEUR: 03G100098CX;29/07/2026;29/07/2026;BKP;0;29/07/2026
130809069;Moteur;VOLKSWAGEN;POLO 5 PHASE 1;Essence;2013;1198;60;CGPB;LNR;102610;1;1350;Stock : MAG R2/A8/E0;12;Bon;- CODE MOTEUR  : CGPB  - OEM moteur : 03E100034B  - KILOMETRAGE 161728 Km      - MOTEUR VENDUE SANS ALTERNATEUR, SANS DEMARREUR, SANS COMPRESSEUR DE CLIM ET SANS BOITE    ;06/08/2026;06/08/2026;03E100034B;0;06/08/2026
130996459;Moteur;KIA;CEE-D 2 PHASE 2;Diesel;2016;1582;136;D4FB;BOITE DE VITESSES MANUELLE 6 VITESSES 2WD;105425;1;2200;Parc Mesure Co LONGJUMEAU;12;Bon;- CODE MOTEUR  : D4FB  - Numero moteur : Z54412AZ00  - KILOMETRAGE 179666Km      - MOTEUR GARANTIE 12  MOIS  HORS FRAIS DE MONTAGE ET FRAIS DE PORT,   - MOTEUR TOUJOURS MONTER SUR LE VEHICULE (DELAI 72H POUR DEMONTAGE)  - MOTEUR TESTER AVANT DEMONTAGE  - GARANTIE APPLIQUE UNIQUEMENT SUR LE MOTEUR  - MOTEUR VENDUE SANS ALTERNATEUR, SANS DEMARREUR, SANS COMPRESSEUR DE CLIM ET SANS BOITE  - TOUTES PIECES LAISSER SUR LE MOTEUR EST FOURNIS A TITRE GR;11/08/2026;;Z54412AZ00;0;
131033116;Moteur;PEUGEOT;208 1 PHASE 1;Diesel;2012;1560;92;DV6DTED_9HP;MCD;102269;1;940;Parc Mesure Co LONGJUMEAU;12;Bon;- CODE MOTEUR  : 9HP_DV6DTE  - Numero moteur : 0135SW  - KILOMETRAGE 141 688Km      - MOTEUR GARANTIE 12 MOIS  HORS FRAIS DE MONTAGE ET FRAIS DE PORT,   - MOTEUR TOUJOURS MONTER SUR LE VEHICULE (DELAI 72H POUR DEMONTAGE)  - MOTEUR TESTER AVANT DEMONTAGE  - GARANTIE APPLIQUE UNIQUEMENT SUR LE MOTEUR  - MOTEUR VENDUE SANS ALTERNATEUR, SANS DEMARREUR, SANS COMPRESSEUR DE CLIM ET SANS BOITE  - TOUTES PIECES LAISSER SUR LE MOTEUR EST FOURNIS A TITRE GR;12/08/2026;;0135SW;0;
131040152;Moteur;VOLKSWAGEN;TOURAN 1 PHASE 2;Diesel;2008;1968;140;BKD;KXW/KDM/KNR;104450;1;1099;Parc Mesure Co LONGJUMEAU;3;Bon;- CODE MOTEUR  : BKD  - Numero moteur : ******  - KILOMETRAGE 220 176Km      - MOTEUR GARANTIE 12 MOIS  HORS FRAIS DE MONTAGE ET FRAIS DE PORT,   - MOTEUR TOUJOURS MONTER SUR LE VEHICULE (DELAI 72H POUR DEMONTAGE)  - MOTEUR TESTER AVANT DEMONTAGE  - GARANTIE APPLIQUE UNIQUEMENT SUR LE MOTEUR  - MOTEUR VENDUE SANS ALTERNATEUR, SANS DEMARREUR, SANS COMPRESSEUR DE CLIM ET SANS BOITE  - TOUTES PIECES LAISSER SUR LE MOTEUR EST FOURNIS A TITRE GR;12/08/2026;;;0;
131040806;Moteur;VOLKSWAGEN;NEW BEETLE 1 PHASE 1;Diesel;2006;1896;105;BSW;EGS;100576;1;699;Stock : MAG R3/A13/E0;12;Bon;- CODE MOTEUR  : BSW  - Numero moteur : 38100044X  - KILOMETRAGE 155 469 Km      - CODE VIN: WVWZZZ9CZ6M510323;12/08/2026;22/08/2026;38100044X;0;22/08/2026
131041947;Moteur;CITROEN;DS3 PHASE 1;Essence;2012;1397;95;EP3C_8FP;MA-5;104615;1;1299;Stock : MAG R2/A6/E0;12;Bon;- CODE MOTEUR  : EP3C_8FP  - OEM moteur : 135QZ  - KILOMETRAGE 124 141Km      Code VIN  VF7SA8FP0CW516502;12/08/2026;14/09/2026;135QZ;0;14/09/2026
131044330;Moteur;OPEL;COMBO D;Diesel;2013;1598;105;A16FDH_LJ5;C635;105064;1;2199;Parc Mesure Co LONGJUMEAU;12;Bon;- CODE MOTEUR  : A16FDH_LJ5  - Numero moteur : 95512156  - KILOMETRAGE 167 859Km      - MOTEUR GARANTIE 12 MOIS  HORS FRAIS DE MONTAGE ET FRAIS DE PORT,   - MOTEUR TOUJOURS MONTER SUR LE VEHICULE (DELAI 72H POUR DEMONTAGE)  - MOTEUR TESTER AVANT DEMONTAGE  - GARANTIE APPLIQUE UNIQUEMENT SUR LE MOTEUR  - MOTEUR VENDUE SANS ALTERNATEUR, SANS DEMARREUR, SANS COMPRESSEUR DE CLIM ET SANS BOITE  - TOUTES PIECES LAISSER SUR LE MOTEUR EST FOURNIS A TITRE GR;12/08/2026;;95512156;0;
131044644;Moteur;PEUGEOT;108;Essence;2017;1199;82;EB2_HMT;MA-5N;103731;1;1099;Parc Mesure Co LONGJUMEAU;12;Bon;- CODE MOTEUR  : HMT-EB2  - Numero moteur : 1627122980  - KILOMETRAGE ******* Km      - MOTEUR GARANTIE 12 MOIS  HORS FRAIS DE MONTAGE ET FRAIS DE PORT,   - MOTEUR TOUJOURS MONTER SUR LE VEHICULE (DELAI 72H POUR DEMONTAGE)  - MOTEUR TESTER AVANT DEMONTAGE  - GARANTIE APPLIQUE UNIQUEMENT SUR LE MOTEUR  - MOTEUR VENDUE SANS ALTERNATEUR, SANS DEMARREUR, SANS COMPRESSEUR DE CLIM ET SANS BOITE  - TOUTES PIECES LAISSER SUR LE MOTEUR EST FOURNIS A TITRE GR;12/08/2026;;1627122980;0;
131068774;Moteur;OPEL;CORSA E;Essence;2019;1398;90;B14XEL_LDD;BOITE DE VITESSES MANUELLE F17;102142;1;1899;Parc Mesure Co LONGJUMEAU;12;Bon;- CODE MOTEUR  : 25199025  - Numero moteur : B14XEL_LDD  - KILOMETRAGE 69 331Km      - MOTEUR GARANTIE 12 MOIS  HORS FRAIS DE MONTAGE ET FRAIS DE PORT,   - MOTEUR TOUJOURS MONTER SUR LE VEHICULE (DELAI 72H POUR DEMONTAGE)  - MOTEUR TESTER AVANT DEMONTAGE  - GARANTIE APPLIQUE UNIQUEMENT SUR LE MOTEUR  - MOTEUR VENDUE SANS ALTERNATEUR, SANS DEMARREUR, SANS COMPRESSEUR DE CLIM ET SANS BOITE  - TOUTES PIECES LAISSER SUR LE MOTEUR EST FOURNIS A TITRE GR;13/08/2026;;25199025;0;
131075230;Moteur;MINI;MINI 2 R60 COUNTRYMAN BREAK;Diesel;2013;1598;90;N47C16A;;105154;1;3099;Parc Mesure Co LONGJUMEAU;12;Bon;- CODE MOTEUR  : N47C16A  - Numero moteur : 11002219947  - KILOMETRAGE 184 415Km      - MOTEUR GARANTIE 12 MOIS  HORS FRAIS DE MONTAGE ET FRAIS DE PORT,   - MOTEUR TOUJOURS MONTER SUR LE VEHICULE (DELAI 72H POUR DEMONTAGE)  - MOTEUR TESTER AVANT DEMONTAGE  - GARANTIE APPLIQUE UNIQUEMENT SUR LE MOTEUR  - MOTEUR VENDUE SANS ALTERNATEUR, SANS DEMARREUR, SANS COMPRESSEUR DE CLIM ET SANS BOITE  - TOUTES PIECES LAISSER SUR LE MOTEUR EST FOURNIS A TITRE GR;13/08/2026;;11002219947;0;
131076659;Moteur;PEUGEOT;208 1 PHASE 1;Essence;2013;1199;82;HMZ-EB2;MA-5 20CR03 20CR15 ;105161;1;1200;Stock : MAG R2/A5/E0;12;Bon;- CODE MOTEUR  : HMZ-EB2  - Numero moteur : 1627122980  - KILOMETRAGE 156089Km      ;13/08/2026;11/09/2026;1627122980;0;11/09/2026
131078291;Moteur;SKODA;FABIA 2 PHASE 2;Diesel;2011;1598;75;CAYA;KFK;105770;1;920;Stock : MAG R2/A14/E0;12;Bon;- CODE MOTEUR  : CAYA  - Numero moteur : 03L100090Q  - KILOMETRAGE 237959 Km      Code VIN  TMBES25J4B3210891;13/08/2026;;03L100090Q;0;
131078858;Moteur;CITROEN;DS3 PHASE 1;Diesel;2013;1560;92;DV6DTED_9HP;BE4-5L;99846;1;999;Stock : MAG R2/A14/E0;12;Bon;- CODE MOTEUR  : 9HP-DV6DTED  - Numero moteur :135SW  - KILOMETRAGE 137912Km      - CODE VIN: VF7SA9HPKDW629665;13/08/2026;;135SW;0;
131080561;Moteur;MERCEDES;CLASSE C 204 PHASE 2;Diesel;2013;2143;120;651913;711653/716656;105275;1;3599;Parc Mesure Co LONGJUMEAU;12;Bon;- CODE MOTEUR  : 651913  - Numero moteur : A6510101711  - KILOMETRAGE 153655Km      - MOTEUR GARANTIE 12 MOIS  HORS FRAIS DE MONTAGE ET FRAIS DE PORT,   - MOTEUR TOUJOURS MONTER SUR LE VEHICULE (DELAI 72H POUR DEMONTAGE)  - MOTEUR TESTER AVANT DEMONTAGE  - GARANTIE APPLIQUE UNIQUEMENT SUR LE MOTEUR  - MOTEUR VENDUE SANS ALTERNATEUR, SANS DEMARREUR, SANS COMPRESSEUR DE CLIM ET SANS BOITE  - TOUTES PIECES LAISSER SUR LE MOTEUR EST FOURNIS A TITRE GR;13/08/2026;;A6510101711;0;
131116019;Moteur;PEUGEOT;3008 1 PHASE 2;Essence;2016;1598;165;EP6FDT_5GZ;AT6;105405;1;4299;Parc Mesure Co LONGJUMEAU;12;Bon;- CODE MOTEUR  : 5GZ-EP6FDT  - Numero moteur : 1609769280  - KILOMETRAGE 53 790Km      - MOTEUR GARANTIE 12 MOIS  HORS FRAIS DE MONTAGE ET FRAIS DE PORT,   - MOTEUR TOUJOURS MONTER SUR LE VEHICULE (DELAI 72H POUR DEMONTAGE)  - MOTEUR TESTER AVANT DEMONTAGE  - GARANTIE APPLIQUE UNIQUEMENT SUR LE MOTEUR  - MOTEUR VENDUE SANS ALTERNATEUR, SANS DEMARREUR, SANS COMPRESSEUR DE CLIM ET SANS BOITE  - TOUTES PIECES LAISSER SUR LE MOTEUR EST FOURNIS A TITRE GR;14/08/2026;;1609769280;0;
131198324;Moteur;RENAULT;CLIO 4 PHASE 1;Essence;2013;898;90;H4B_400;JH3;103660;1;1399;Parc Mesure Co LONGJUMEAU;12;Bon;- CODE MOTEUR  : H4B-400  - Numero moteur : 8201342064  - KILOMETRAGE 123317Km      - MOTEUR GARANTIE 12 MOIS  HORS FRAIS DE MONTAGE ET FRAIS DE PORT,   - MOTEUR TOUJOURS MONTER SUR LE VEHICULE (DELAI 72H POUR DEMONTAGE)  - MOTEUR TESTER AVANT DEMONTAGE  - GARANTIE APPLIQUE UNIQUEMENT SUR LE MOTEUR  - MOTEUR VENDUE SANS ALTERNATEUR, SANS DEMARREUR, SANS COMPRESSEUR DE CLIM ET SANS BOITE  - TOUTES PIECES LAISSER SUR LE MOTEUR EST FOURNIS A TITRE GR;18/08/2026;;8201342064;0;
131198955;Moteur;SEAT;ALTEA XL PHASE 2;Essence;2012;1390;125;CAXC;;105776;1;1699;Parc Mesure Co LONGJUMEAU;12;Bon;- CODE MOTEUR  : CAXC  - Numero moteur : 03C100092  - KILOMETRAGE 200 021Km      - MOTEUR GARANTIE 12 MOIS  HORS FRAIS DE MONTAGE ET FRAIS DE PORT,   - MOTEUR TOUJOURS MONTER SUR LE VEHICULE (DELAI 72H POUR DEMONTAGE)  - MOTEUR TESTER AVANT DEMONTAGE  - GARANTIE APPLIQUE UNIQUEMENT SUR LE MOTEUR  - MOTEUR VENDUE SANS ALTERNATEUR, SANS DEMARREUR, SANS COMPRESSEUR DE CLIM ET SANS BOITE  - TOUTES PIECES LAISSER SUR LE MOTEUR EST FOURNIS A TITRE GR;18/08/2026;;03C100092;0;
131305118;Moteur;PEUGEOT;308 3 SW BREAK;Essence;2022;1199;131;EB2ADTS_HNS;ATN8;104135;1;2099;Parc Mesure Co LONGJUMEAU;12;Bon;- CODE MOTEUR  : HNS-EB2ADTS  - Numero moteur : 1627638180  - KILOMETRAGE 78 964Km      - MOTEUR GARANTIE 12  MOIS  HORS FRAIS DE MONTAGE ET FRAIS DE PORT,   - MOTEUR TOUJOURS MONTER SUR LE VEHICULE (DELAI 72H POUR DEMONTAGE)  - MOTEUR TESTER AVANT DEMONTAGE  - GARANTIE APPLIQUE UNIQUEMENT SUR LE MOTEUR  - MOTEUR VENDUE SANS ALTERNATEUR, SANS DEMARREUR, SANS COMPRESSEUR DE CLIM ET SANS BOITE  - TOUTES PIECES LAISSER SUR LE MOTEUR EST FOURNIS A TITRE GR;20/08/2026;;1627638180;0;
131318471;Moteur;CITROEN;C3 2 PHASE 2;Essence;2013;1199;82;HMZ_EB2F;MA-5;104551;1;1250;Stock : MAG R3/A11/E0;12;Bon;- CODE MOTEUR  : HMZ_EB2F  - OEM moteur : 1627122980  - KILOMETRAGE 173229 Km      - Code VIN  VF7SCHMZ0DW605116  ;20/08/2026;20/08/2026;1627122980;0;20/08/2026
131318844;Moteur;CITROEN;C1 2;Essence;2017;1199;82;EB2F_HMT;MA-5N;103710;1;1990;Stock : MAG R3/A11/E0;12;Bon;- CODE MOTEUR  : EB2F_HMT  - OEM moteur : 1627122980  - KILOMETRAGE 55677 Km      - Code VIN  VF7PAHMTCHR804065;20/08/2026;20/08/2026;1627122980;0;20/08/2026
131319508;Moteur;CITROEN;C4 2 PHASE 1;Diesel;2014;1560;92;DV6DTED;BE4 L;104785;1;900;Stock : MAG R2/A1/E0;12;Bon;- CODE MOTEUR  : DV6DTED_9HP  - OEM moteur : 135SW   - KILOMETRAGE 248052 Km      - Code VIN  VF7NC9HP0EY528368;20/08/2026;20/08/2026;135SW;0;20/08/2026
131420776;Moteur;PEUGEOT;208 1 PHASE 2;Diesel;2018;1560;75;BHW_DV6FE;BE4-5R;99437;1;1350;Stock : MAG R2/A3/E0;12;Bon;- CODE MOTEUR  : BHW_DV6FE  - OEM moteur : 1614416880  - KILOMETRAGE 92000 Km      - Code VIN  VF3CCBHW6JW052854;22/08/2026;22/08/2026;1614416880;0;22/08/2026
131421505;Moteur;RENAULT;CLIO 4 PHASE 2;Essence;2017;1197;118;H5F 412;DC4 BVROBOT6 016;105388;1;2450;Stock : MAG R3/A16/E0;12;Bon;- CODE MOTEUR  : H5F 412  - OEM moteur : 8201548595  - KILOMETRAGE 114199 Km      Code VIN  VF15RBU0D56972046;22/08/2026;;8201548595;0;
131906498;Moteur;HONDA;INSIGHT 2;Essence/Hybride;2009;1339;88;LDA3;;104988;1;799;Parc Mesure Co LONGJUMEAU;12;Bon;- CODE MOTEUR  : LDA3  - Numero moteur : ******  - KILOMETRAGE 245 595 Km      - MOTEUR GARANTIE 12 MOIS  HORS FRAIS DE MONTAGE ET FRAIS DE PORT,   - MOTEUR TOUJOURS MONTER SUR LE VEHICULE (DELAI 72H POUR DEMONTAGE)  - MOTEUR TESTER AVANT DEMONTAGE  - GARANTIE APPLIQUE UNIQUEMENT SUR LE MOTEUR  - MOTEUR VENDUE SANS ALTERNATEUR, SANS DEMARREUR, SANS COMPRESSEUR DE CLIM ET SANS BOITE  - TOUTES PIECES LAISSER SUR LE MOTEUR EST FOURNIS A TITRE GR;01/09/2026;;LDA3;0;
131962057;Moteur;CITROEN;C4 PICASSO 2 PHASE 1;Diesel;2015;1560;99;DV6FD_BHY;BE4-5R;104965;1;999;Stock : MAG R3/A11/E0;12;Bon;- CODE MOTEUR  : BHY-DV6FD  - Numero moteur : 1611138680  - KILOMETRAGE 204 411Km      - MOTEUR GARANTIE 12  MOIS  HORS FRAIS DE MONTAGE ET FRAIS DE PORT,   - MOTEUR TOUJOURS MONTER SUR LE VEHICULE (DELAI 72H POUR DEMONTAGE)  - MOTEUR TESTER AVANT DEMONTAGE  - GARANTIE APPLIQUE UNIQUEMENT SUR LE MOTEUR  - MOTEUR VENDUE SANS ALTERNATEUR, SANS DEMARREUR, SANS COMPRESSEUR DE CLIM ET SANS BOITE  - TOUTES PIECES LAISSER SUR LE MOTEUR EST FOURNIS A TITRE GR;02/09/2026;;1611138680;0;
132177045;Moteur;PEUGEOT;5008 2 PHASE 1;Diesel;2018;1499;131;DV5RC_YHZ;ML6C;105184;1;3199;Parc Mesure Co LONGJUMEAU;12;Bon;- CODE MOTEUR  : YHZ-DV5RC  - Numero moteur : 1638150480  - KILOMETRAGE 103 178Km      - MOTEUR GARANTIE 12 MOIS  HORS FRAIS DE MONTAGE ET FRAIS DE PORT,   - MOTEUR TOUJOURS MONTER SUR LE VEHICULE (DELAI 72H POUR DEMONTAGE)  - MOTEUR TESTER AVANT DEMONTAGE  - GARANTIE APPLIQUE UNIQUEMENT SUR LE MOTEUR  - MOTEUR VENDUE SANS ALTERNATEUR, SANS DEMARREUR, SANS COMPRESSEUR DE CLIM ET SANS BOITE  - TOUTES PIECES LAISSER SUR LE MOTEUR EST FOURNIS A TITRE GR;05/09/2026;;1638150480;0;
132235376;Moteur;DACIA;LODGY PHASE 1;Essence;2015;1197;116;H5F_402;JR5-377;105838;1;800;Stock : MAG R3/A16/E0;0;Bon;- CODE MOTEUR  : H5F_402  - OEM moteur : 8201377658  - KILOMETRAGE 169729 Km      - Code VIN  UU1JSDB0552394163  MOTEUR VENDU POUR PIECE NON GARANTIE;07/09/2026;07/09/2026;8201377658;0;07/09/2026
132379929;Moteur;SEAT;IBIZA 4 PHASE 1;Essence;2012;1390;86;1.4L  CGGB;LVE;101092;1;799;Stock : MAG R2/A3/E0;12;Bon;- CODE MOTEUR  : CGGB  - Ref OEM moteur : 036100039Q  - KILOMETRAGE 90280 Km      - Code VIN  VSSZZZ6JZDR013397;09/09/2026;09/09/2026;CGGB;0;09/09/2026
132380276;Moteur;CITROEN;C3 2 PHASE 2;Diesel;2015;1560;92;DV6DTED_9HP;BE4-5 20DP77;105106;1;690;Stock : MAG R2/A3/E0;12;Bon;- CODE MOTEUR  : DV6DTED_9HP  - OEM moteur : 135SW  - KILOMETRAGE 231896 Km      - Code VIN  VF7SC9HPKEW701005;09/09/2026;09/09/2026;135SW;0;09/09/2026
132419060;Moteur;AUDI;A5 1 CABRIO S5 PHASE 1;Essence;2009;2995;333;CAKA;LJD 7;105589;1;4199;Parc Mesure Co LONGJUMEAU;12;Bon;- CODE MOTEUR  : CAKA  - Numero moteur : 06E100032A  - KILOMETRAGE 229 368Km      - MOTEUR GARANTIE 12 MOIS  HORS FRAIS DE MONTAGE ET FRAIS DE PORT,   - MOTEUR TOUJOURS MONTER SUR LE VEHICULE (DELAI 72H POUR DEMONTAGE)  - MOTEUR TESTER AVANT DEMONTAGE  - GARANTIE APPLIQUE UNIQUEMENT SUR LE MOTEUR  - MOTEUR VENDUE SANS ALTERNATEUR, SANS DEMARREUR, SANS COMPRESSEUR DE CLIM ET SANS BOITE  - TOUTES PIECES LAISSER SUR LE MOTEUR EST FOURNIS A TITRE GR;09/09/2026;;06E100032A;0;
132420064;Moteur;ALFA ROMEO;159 BREAK;Diesel;2012;1956;170;939B5000;;105762;1;3599;Stock : MAG R2/A14/E0;12;Bon;- CODE MOTEUR  : 939B5000  - Numero moteur : 71753442  - KILOMETRAGE 195 628Km      - Code VIN: ZAR93900007288631  - MOTEUR GARANTIE 12 MOIS  HORS FRAIS DE MONTAGE ET FRAIS DE PORT,   - MOTEUR TESTER AVANT DEMONTAGE  - GARANTIE APPLIQUE UNIQUEMENT SUR LE MOTEUR  - MOTEUR VENDUE SANS ALTERNATEUR, SANS DEMARREUR, SANS COMPRESSEUR DE CLIM ET SANS BOITE  - TOUTES PIECES LAISSER SUR LE MOTEUR EST FOURNIS A TITRE GR;09/09/2026;;939B5000;0;
132420312;Moteur;PEUGEOT;508 1 SW PHASE 1 BREAK;Diesel;2014;1997;163;DW10CTED4_RHC;MC6F;105553;1;1999;Parc Mesure Co LONGJUMEAU;12;Bon;- CODE MOTEUR  : RHC-DW10CTED4  - Numero moteur : 0135TJ  - KILOMETRAGE 179 701Km      - MOTEUR GARANTIE 12 MOIS  HORS FRAIS DE MONTAGE ET FRAIS DE PORT,   - MOTEUR TOUJOURS MONTER SUR LE VEHICULE (DELAI 72H POUR DEMONTAGE)  - MOTEUR TESTER AVANT DEMONTAGE  - GARANTIE APPLIQUE UNIQUEMENT SUR LE MOTEUR  - MOTEUR VENDUE SANS ALTERNATEUR, SANS DEMARREUR, SANS COMPRESSEUR DE CLIM ET SANS BOITE  - TOUTES PIECES LAISSER SUR LE MOTEUR EST FOURNIS A TITRE GR;09/09/2026;;0135TJ;0;
132539497;Moteur;MINI;MINI 2 R60 COUNTRYMAN BREAK;Diesel;2011;1598;111;N47C16A;7594640;105176;1;2099;Stock : MAG R0/A10/E1;12;Bon;- CODE MOTEUR  : N47C16A  - Numero moteur : 11002219947  - KILOMETRAGE 160 000Km      - SANS SANS INJECTEUR  - SANS RAMPE D'INJECTION  - SANS TURBO  - MOTEUR GARANTIE 12MOIS  HORS FRAIS DE MONTAGE ET FRAIS DE PORT,   - MOTEUR TOUJOURS MONTER SUR LE VEHICULE (DELAI 72H POUR DEMONTAGE)  - MOTEUR TESTER AVANT DEMONTAGE  - GARANTIE APPLIQUE UNIQUEMENT SUR LE MOTEUR  - MOTEUR VENDUE SANS ALTERNATEUR, SANS DEMARREUR, SANS COMPRESSEUR DE CLIM ET SANS BOITE  - TOUTES PIECES LAISSER SUR LE MOTEUR EST FOURNIS A TITRE GR;11/09/2026;;11002219947;0;
132542084;Moteur;BMW;SERIE 3 E46 PHASE 1;Diesel;2000;1951;136;M47D20_204D1;S5D-280Z;94462;1;799;Stock : MAG R2/A5/E0;12;Bon;- CODE MOTEUR  : M47D20_204D1  - OEM moteur : 11002247512  - KILOMETRAGE 259274 Km      - Code VIN  WBAAL71050KG53334;11/09/2026;11/09/2026;11002247512;0;11/09/2026
132616549;Moteur;RENAULT;CLIO 3 PHASE 2;Diesel;2011;1461;75;K9K_770;JR5306;104713;1;299;Stock : MAG R2/A1/E0;12;Bon;- CODE MOTEUR  : K9K_770  - OEM moteur : 8201161314  - KILOMETRAGE 237074 Km      Code VIN  VF1BR2V4H44812687;14/09/2026;14/09/2026;8201161314;0;14/09/2026
132617080;Moteur;RENAULT;GRAND MODUS PHASE 2;Diesel;2012;1461;88;K9K 770;JR5306;104617;1;299;Stock : MAG R2/A5/E0;12;Bon;- CODE MOTEUR  : K9K_770  - OEM moteur : 8201246265  - KILOMETRAGE 154863 Km      - Code VIN: VF1JP04F544857251;14/09/2026;14/09/2026;8201246265;0;14/09/2026
132619708;Moteur;RENAULT;CLIO 4 PHASE 1;Diesel;2015;1461;75;K9K 612;JR5 335;105164;1;199;Stock : MAG R2/A6/E0;12;Bon;- CODE MOTEUR  : K9K 612  - OEM moteur : 8201535506  - KILOMETRAGE 211787 Km      - CODE VIN: VF15RU40H52569113;14/09/2026;14/09/2026;8201535506;0;14/09/2026
132653342;Moteur;RENAULT;CLIO 4 PHASE 1;Diesel;2013;1461;90;K9K 608;JR5-335;101200;1;399;Stock : MAG R2/A2/E0;12;Bon;- CODE MOTEUR  : K9K_608  - OEM moteur : 8201535506  - KILOMETRAGE 212348 Km      - Code VIN  VF15RJL0H48757492;14/09/2026;14/09/2026;K9K_608;0;14/09/2026
132653585;Moteur;CITROEN;C3 1 X-TR PHASE 2;Diesel;2006;1560;109;DV6TED4_9HZ;BE4-5R;105630;1;490;Stock : MAG R2/A2/E0;12;Bon;- CODE MOTEUR  : DV6TED4_9HZ  - OEM moteur : 135QE  - KILOMETRAGE 224064 Km      -Code VIN  VF7FL9HZC28717116;14/09/2026;14/09/2026;135QE;0;14/09/2026
132688533;Moteur;RENAULT;MEGANE 2 PHASE 2;Diesel;2006;1461;106;K9K_732;TL4K9K;105795;1;399;Stock : MAG R2/A1/E0;12;Bon;- CODE MOTEUR  : K9K_732  - OEM moteur : 7701478491  - KILOMETRAGE Non Garantie Km      - CODE VIN: VF1BMSE0635072071;15/09/2026;15/09/2026;7701478491;0;15/09/2026
132691480;Moteur;RENAULT;CLIO 2 PHASE 1;Essence;2001;1598;107;K4M_748;JB3-958;105824;1;350;Stock : MAG R0/A11/E2;12;Bon;- CODE MOTEUR  : K4M_748  - Numero moteur : 7701472197  - KILOMETRAGE Non Garantie Km      - Code VIN  VF1BB0H0F24260367;15/09/2026;15/09/2026;7701472197;0;15/09/2026
132695433;Moteur;FIAT;500 2 PHASE 1;Essence;2010;1242;69;169_A4000;5R;105416;1;399;Stock : MAG R0/A12/E1;12;Bon;- CODE MOTEUR  : 169_A4000  - OEM moteur : 71751093  - KILOMETRAGE 124072 Km      - Code VIN  ZFA31200000598449  ;15/09/2026;15/09/2026;71751093;0;15/09/2026
132858309;Moteur;PEUGEOT;208 1 PHASE 2;Diesel;2015;1560;75;DV6FE_BHW;BE4-5R;104938;1;1250;Stock : MAG R2/A3/E0;12;Bon;- CODE MOTEUR  : DV6FE_BHW  - OEM moteur : 1611138680  - KILOMETRAGE 137378 Km      - Code VIN  VF3CCBHW6FW029597;17/09/2026;17/09/2026;1611138680;0;17/09/2026
132858768;Moteur;RENAULT;CAPTUR 1 PHASE 1;Essence;2014;898;90;H4B_400;JR5-357;105478;1;999;Stock : MAG R2/A3/E0;12;Bon;- CODE MOTEUR  : H4BA400 / H4B400  - OEM moteur : 8201342064  - KILOMETRAGE 167402 Km      - Code VIN  VF12R5A1H51043285;17/09/2026;17/09/2026;8201342064;0;17/09/2026
133117730;Moteur;RENAULT;CLIO 4 PHASE 1 BREAK;Diesel;2016;1461;75;K9K 628;JR5 060;105698;1;490;Stock : MAG R2/A15/E0;12;Bon;- CODE MOTEUR  : K9K_628  - OEM moteur : 8201708642  - KILOMETRAGE 292471 Km      - Code VIN  VF17RBF0A53943308;22/09/2026;;8201708642;0;
133207314;Moteur;PEUGEOT;508 1 SW PHASE 1 BREAK;Diesel;2013;1560;114;DV6C(9HL|9HR);MCD;105867;1;790;Stock : MAG R0/A13/E0;12;Bon;- CODE MOTEUR  : DV6C(9HL|9HR)  - Numero moteur : 0135TQ  - KILOMETRAGE 261541 Km      - Code VIN  VF38E9HD8DL027074;23/09/2026;23/09/2026;135TQ;0;23/09/2026
133207743;Moteur;RENAULT;TWINGO 3 PHASE 1;Essence;2016;999;69;H4D_400;JE3 006;102527;1;799;Stock : MAG R0/A13/E0;12;Bon;- CODE MOTEUR  : H4D_400  - Numero moteur : 8201522311  - KILOMETRAGE 79801 Km      - Code VIN  VF1AHB40D57116619;23/09/2026;23/09/2026;8201522311;0;23/09/2026
133292167;Moteur;FORD;C-MAX 2 PHASE 1;Diesel;2011;1560;116;T1DA_DURATORQ;;105321;1;999;Parc Mesure Co;12;Bon;- CODE MOTEUR  : T1DA  - KILOMETRAGE 259668 Km      Code VIN  WF0JXXWPBJBD13883;24/09/2026;24/09/2026;T1DA;0;24/09/2026
133296756;Moteur;CITROEN;C3 3 PHASE 2;Diesel;2021;1499;102;YHT_DV5RCF;MB6;105019;1;2299;Parc Mesure Co LONGJUMEAU;12;Bon;- CODE MOTEUR  : YHT_DV5RCF  - OEM moteur : 1622804880  - KILOMETRAGE 113167 Km      - Code VIN  VF7SWYHTUMT528672;24/09/2026;24/09/2026;1622804880;0;24/09/2026
133304647;Moteur;BMW;SERIE 1 F20 PHASE 1;Diesel;2013;1598;116;N47D16A;GS6-17DG;105662;1;2299;Parc Mesure Co;12;Bon;- CODE MOTEUR  : N47D16A  - OEM moteur : 11002296635  - KILOMETRAGE 148492 Km      -Code VIN  WBA1C91000J514081;24/09/2026;24/09/2026;11002296635;0;24/09/2026
133305405;Moteur;PEUGEOT;308 1 PHASE 2;Diesel;2013;1560;114;9HD_DV6C;MC6;105585;1;850;Parc Mesure Co;12;Bon;- CODE MOTEUR  : 9HD_DV6C  - OEM moteur : 0135TQ  - KILOMETRAGE 229016 Km      - Code VIN  VF34C9HD8DS134911;24/09/2026;24/09/2026;135TQ;0;24/09/2026
133380165;Moteur;DACIA;DUSTER 1 PHASE 1;Diesel;2013;1461;107;K9K_896;TL4;105610;1;1999;Stock : MAG R0/A10/E2;12;Bon;- CODE MOTEUR  : K9K_896  - OEM moteur : 8201113144  - KILOMETRAGE 75500 Km      - Code VIN  UU1HSDAC649359855  ;25/09/2026;25/09/2026;8201113144;0;25/09/2026
